Haiti,Ouest,Port-au-Prince,Turgeau%111-01,Deprez
Haiti,Ouest,Port-au-Prince,Turgeau%111-01,Boutilier
Haiti,Ouest,Cite Soleil,Varreux%117-01,Sarthe
Haiti,Ouest,Cite Soleil,Varreux%117-01,Menelas
Haiti,Ouest,Cite Soleil,Varreux%117-02,Blanchard
Haiti,Ouest,Carrefour,Thor%113-10,St Roc
Haiti,Ouest,Carrefour,Rivière Froide%113-11,Cloher
Haiti,Ouest,Carrefour,Rivière Froide%113-11,Vieux Caille
Haiti,Ouest,Carrefour,Corail Thor%113-13,Bellevue
Haiti,Ouest,Carrefour,Platon Dufréné%113-02,Dufrenay
Haiti,Ouest,Carrefour,Procy%113-04,Posy
Haiti,Ouest,Carrefour,Laval%113-07,Laval
Haiti,Ouest,Carrefour,Laval%113-07,Fond Coupeau
Haiti,Ouest,Carrefour,Berly%113-08,Plombe
Haiti,Ouest,Carrefour,Malanga%113-12,Tete Chadeau
Haiti,Ouest,Carrefour,Malanga%113-12,Bois Capable
Haiti,Ouest,Carrefour,Bizoton%113-09,Marin
Haiti,Ouest,Petion-Ville,Montagne Noire%114-01,Cacouille
Haiti,Ouest,Petion-Ville,Montagne Noire%114-01,Diegue
Haiti,Ouest,Petion-Ville,Montagne Noire%114-01,Pernier
Haiti,Ouest,Petion-Ville,Montagne Noire%114-01,Soissons
Haiti,Ouest,Petion-Ville,Montagne Noire%114-01,Platon
Haiti,Ouest,Petion-Ville,Montagne Noire%114-01,Caille Boucan
Haiti,Ouest,Petion-Ville,Etang du Jong%114-03,La Boule
Haiti,Ouest,Petion-Ville,Etang du Jong%114-03,Féca
Haiti,Ouest,Petion-Ville,Etang du Jong%114-03,Nan Da
Haiti,Ouest,Petion-Ville,Bellevue la Montagne%114-04,Chapotin
Haiti,Ouest,Petion-Ville,Bellevue la Montagne%114-04,Chan Bon
Haiti,Ouest,Petion-Ville,Aux Cadets%114-02,Pérard
Haiti,Ouest,Petion-Ville,Aux Cadets%114-02,Corail
Haiti,Ouest,Kenscoff,Bongars%115-02,Berty
Haiti,Ouest,Kenscoff,Bongars%115-02,Belo
Haiti,Ouest,Kenscoff,Nouvelle Tourraine%115-01,Au Silence
Haiti,Ouest,Kenscoff,Sourcailles%115-03,Furcy
Haiti,Ouest,Kenscoff,Sourcailles%115-03,Mariane
Haiti,Ouest,Kenscoff,Sourcailles%115-03,Duplan
Haiti,Ouest,Kenscoff,Sourcailles%115-03,Brouette
Haiti,Ouest,Kenscoff,Sourcailles%115-03,Zorazo
Haiti,Ouest,Kenscoff,Sourcailles%115-03,Fond Ferrier
Haiti,Ouest,Kenscoff,Belle Fontaine%115-04,Catno
Haiti,Ouest,Kenscoff,Belle Fontaine%115-04,Drouette
Haiti,Ouest,Kenscoff,Belle Fontaine%115-04,Boucan Michel
Haiti,Ouest,Gressier,Morne Chandelle%116-02,Sibilot
Haiti,Ouest,Gressier,Petit Boucan%116-03,Plaisance
Haiti,Ouest,Gressier,Petit Boucan%116-03,Jovin
Haiti,Ouest,Gressier,Petit Boucan%116-03,Santo
Haiti,Ouest,Gressier,Petit Boucan%116-03,Maville
Haiti,Ouest,Gressier,Petit Boucan%116-03,Petit Boucan
Haiti,Ouest,Gressier,Petit Boucan%116-03,Jean-Jean
Haiti,Ouest,Gressier,Petit Boucan%116-03,Pamber
Haiti,Ouest,Léogâne,Fonds d'Oie%121-10,Beloc
Haiti,Ouest,Léogâne,Fonds d'Oie%121-10,Coq Chante
Haiti,Ouest,Léogâne,Fonds d'Oie%121-10,Paraison
Haiti,Ouest,Léogâne,Fonds d'Oie%121-10,Citronier
Haiti,Ouest,Léogâne,Fonds d'Oie%121-10,Duclos
Haiti,Ouest,Léogâne,Fonds d'Oie%121-10,Roche à Pierre
Haiti,Ouest,Léogâne,Fonds d'Oie%121-10,Bas Duble
Haiti,Ouest,Léogâne,Fonds d'Oie%121-10,Bouchi
Haiti,Ouest,Léogâne,Fonds d'Oie%121-10,Haut Duble
Haiti,Ouest,Léogâne,Gros Morne%121-11,Pierre
Haiti,Ouest,Léogâne,Gros Morne%121-11,Mardi Gras
Haiti,Ouest,Léogâne,Gros Morne%121-11,Citronelle
Haiti,Ouest,Léogâne,Gros Morne%121-11,Mardis Gras
Haiti,Ouest,Léogâne,Gros Morne%121-11,Corail de Mere
Haiti,Ouest,Léogâne,Cormiers%121-12,Cabaret
Haiti,Ouest,Léogâne,Cormiers%121-12,Cornier
Haiti,Ouest,Léogâne,Cormiers%121-12,La vache
Haiti,Ouest,Léogâne,Cormiers%121-12,Fond Droit
Haiti,Ouest,Léogâne,Cormiers%121-12,Barrière Batin
Haiti,Ouest,Léogâne,Cormiers%121-12,Gué Bourget
Haiti,Ouest,Léogâne,Cormiers%121-12,Cotin
Haiti,Ouest,Léogâne,Cormiers%121-12,Jermeil
Haiti,Ouest,Léogâne,Cormiers%121-12,Sonson
Haiti,Ouest,Léogâne,Petit Harpon%121-13,La Crête
Haiti,Ouest,Léogâne,Petit Harpon%121-13,Dodel
Haiti,Ouest,Léogâne,Petit Harpon%121-13,Pain de Sucre
Haiti,Ouest,Léogâne,Petit Harpon%121-13,Platon Tapion
Haiti,Ouest,Léogâne,Petit Harpon%121-13,Ficha
Haiti,Ouest,Léogâne,Petit Harpon%121-13,Rechalet
Haiti,Ouest,Léogâne,Fond de Boudin%121-04,La Ferme
Haiti,Ouest,Léogâne,Fond de Boudin%121-04,Tiapon
Haiti,Ouest,Léogâne,Fond de Boudin%121-04,Corail
Haiti,Ouest,Léogâne,Palmiste à Vins%121-05,Bois Carré
Haiti,Ouest,Léogâne,Palmiste à Vins%121-05,Bon Crabe
Haiti,Ouest,Léogâne,Palmiste à Vins%121-05,Lorin
Haiti,Ouest,Léogâne,Palmiste à Vins%121-05,L'acul
Haiti,Ouest,Léogâne,Dessources%121-01,Belol
Haiti,Ouest,Léogâne,Dessources%121-01,Ti Paradis
Haiti,Ouest,Léogâne,Dessources%121-01,Nan Malgré
Haiti,Ouest,Léogâne,Dessources%121-01,Chavannes
Haiti,Ouest,Léogâne,Dessources%121-01,Dufort
Haiti,Ouest,Léogâne,Dessources%121-01,Niveau
Haiti,Ouest,Léogâne,Dessources%121-01,Morel
Haiti,Ouest,Léogâne,Dessources%121-01,Binot
Haiti,Ouest,Léogâne,Dessources%121-01,Buteau
Haiti,Ouest,Léogâne,Petite Rivière%121-02,Fosse
Haiti,Ouest,Léogâne,Grande Rivère%121-03,Sabouce
Haiti,Ouest,Léogâne,Grande Rivère%121-03,La Pointe
Haiti,Ouest,Léogâne,Grande Rivère%121-03,Lompré
Haiti,Ouest,Léogâne,Grande Rivère%121-03,Melier
Haiti,Ouest,Léogâne,Grande Rivère%121-03,Brache
Haiti,Ouest,Léogâne,Grande Rivère%121-03,Dimba
Haiti,Ouest,Léogâne,Grande Rivère%121-03,Gabard
Haiti,Ouest,Léogâne,Grande Rivère%121-03,Cercey
Haiti,Ouest,Léogâne,Oranger%121-06,Chevrine
Haiti,Ouest,Léogâne,Oranger%121-06,Bergeotte
Haiti,Ouest,Léogâne,Oranger%121-06,Barbot
Haiti,Ouest,Léogâne,Oranger%121-06,Royot
Haiti,Ouest,Léogâne,Oranger%121-06,Douyac
Haiti,Ouest,Léogâne,Parques%121-07,St Barthélemy
Haiti,Ouest,Léogâne,Beauséjour%121-08,Beaupant
Haiti,Ouest,Léogâne,Beauséjour%121-08,Campan
Haiti,Ouest,Léogâne,Beauséjour%121-08,Lafond
Haiti,Ouest,Léogâne,Beauséjour%121-08,Buteau
Haiti,Ouest,Léogâne,Citronniers%121-09,Citronier
Haiti,Ouest,Léogâne,Citronniers%121-09,Gros Morne
Haiti,Ouest,Léogâne,Citronniers%121-09,Robe
Haiti,Ouest,Petit-Goâve, Ravine Sèche%122-11,Depaluce
Haiti,Ouest,Petit-Goâve, Ravine Sèche%122-11,Massia
Haiti,Ouest,Petit-Goâve,des Fouques%122-12,Clairin
Haiti,Ouest,Petit-Goâve,des Fouques%122-12,Cato
Haiti,Ouest,Petit-Goâve,Bino%122-01,Baret
Haiti,Ouest,Petit-Goâve,Bino%122-01,Bineau Noire
Haiti,Ouest,Petit-Goâve,Bino%122-01,Garde L'Acul
Haiti,Ouest,Petit-Goâve,Delatre%122-02,Source
Haiti,Ouest,Petit-Goâve,Delatre%122-02,Grande Savanne
Haiti,Ouest,Petit-Goâve,Delatre%122-02,La Régale
Haiti,Ouest,Petit-Goâve,Trou Chouchou%122-03,Nan Plaine
Haiti,Ouest,Petit-Goâve,Trou Chouchou%122-03,Soubier
Haiti,Ouest,Petit-Goâve,des Platons%122-08,Zabot
Haiti,Ouest,Petit-Goâve,des Palmes%122-09,Besace
Haiti,Ouest,Petit-Goâve,des Palmes%122-09,Palmes
Haiti,Ouest,Grand-Goâve,Tête à Boeuf%123-01,Nan Bonhomme
Haiti,Ouest,Grand-Goâve,Tête à Boeuf%123-01,Grand Caille
Haiti,Ouest,Grand-Goâve,Tête à Boeuf%123-01,Thozin
Haiti,Ouest,Grand-Goâve,Tête à Boeuf%123-01,Tapion
Haiti,Ouest,Grand-Goâve,Tête à Boeuf%123-02,Picore
Haiti,Ouest,Grand-Goâve,Tête à Boeuf%123-02,Tête Boeuf
Haiti,Ouest,Grand-Goâve,Tête à Boeuf%123-02,Vali
Haiti,Ouest,Grand-Goâve,Tête à Boeuf%123-02,Décan
Haiti,Ouest,Grand-Goâve,Moussambe%123-03,La Brousse
Haiti,Ouest,Grand-Goâve,Moussambe%123-04,Dupera
Haiti,Ouest,Grand-Goâve,Moussambe%123-04,Lapal
Haiti,Ouest,Grand-Goâve,Moussambe%123-04,Dano
Haiti,Ouest,Grand-Goâve,Moussambe%123-04,Béreau
Haiti,Ouest,Grand-Goâve,Grande Colline%123-05,Martel
Haiti,Ouest,Grand-Goâve,Grande Colline%123-05,Hess
Haiti,Ouest,Grand-Goâve,Grande Colline%123-05,David
Haiti,Ouest,Grand-Goâve,Grande Colline%123-05,Gérard
Haiti,Ouest,Grand-Goâve,Grande Colline%123-05,Lompré
Haiti,Ouest,Grand-Goâve,Grande Colline%123-06,Bodin
Haiti,Ouest,Grand-Goâve,Grande Colline%123-06,Clavi
Haiti,Ouest,Grand-Goâve,Grande Colline%123-06,Bourdon
Haiti,Ouest,Grand-Goâve,Grande Colline%123-06,Gilbert
Haiti,Ouest,Grand-Goâve,Grande Colline%123-06,Dodron
Haiti,Ouest,Grand-Goâve,Grande Colline%123-06,Bazile
Haiti,Ouest,Grand-Goâve,Grande Colline%123-06,Gérard
Haiti,Ouest,Grand-Goâve,Gérard%123-07,Larot
Haiti,Ouest,Grand-Goâve,Gérard%123-07,Mayombé
Haiti,Ouest,Grand-Goâve,Gérard%123-07,Mosemberg
Haiti,Ouest,Grand-Goâve,Gérard%123-07,Charles
Haiti,Ouest,Grand-Goâve,Gérard%123-07,Grand Trou
Haiti,Ouest,Grand-Goâve,Gérard%123-07,Dent Puce
Haiti,Ouest,Grand-Goâve,Gérard%123-07,Buteau
Haiti,Ouest,Grand-Goâve,Gérard%123-07,Bois Néguesse
Haiti,Ouest,Grand-Goâve,Gérard%123-07,Picolet
Haiti,Ouest,Grand-Goâve,Gérard%123-07,Diny
Haiti,Ouest,Grand-Goâve,Gérard%123-07,Dimini
Haiti,Ouest,Grand-Goâve,Gérard%123-07,Fauché
Haiti,Ouest,Croix-des-Bouquets,des Orangers%131-10,Sources Puantes
Haiti,Ouest,Croix-des-Bouquets,des Orangers%131-10,Beauger
Haiti,Ouest,Croix-des-Bouquets,des Orangers%131-10,Ca Michaud
Haiti,Ouest,Croix-des-Bouquets,des Orangers%131-10,Lan Jardin
Haiti,Ouest,Croix-des-Bouquets,des Orangers%131-10,Saint Phard
Haiti,Ouest,Croix-des-Bouquets,des Orangers%131-10,Pelem
Haiti,Ouest,Croix-des-Bouquets,des Orangers%131-10,Roches Noires
Haiti,Ouest,Croix-des-Bouquets,des Orangers%131-10,Poux De Bois
Haiti,Ouest,Croix-des-Bouquets,des Orangers%131-10,Monoville
Haiti,Ouest,Croix-des-Bouquets,des Orangers%131-10,Lone
Haiti,Ouest,Croix-des-Bouquets,Belle Fontaine%131-06,Bois Lame
Haiti,Ouest,Croix-des-Bouquets,Belle Fontaine%131-06,Couma
Haiti,Ouest,Croix-des-Bouquets,Belle Fontaine%131-06,Jacot
Haiti,Ouest,Croix-des-Bouquets,Petit Bois%131-03,Dumay
Haiti,Ouest,Croix-des-Bouquets,Petit Bois%131-03,Santo
Haiti,Ouest,Croix-des-Bouquets,Petit Bois%131-03,Galette
Haiti,Ouest,Croix-des-Bouquets,Belle Fontaine%131-07,Paresseux
Haiti,Ouest,Croix-des-Bouquets,Belle Fontaine%131-07,Bois Pins
Haiti,Ouest,Croix-des-Bouquets,Belle Fontaine%131-07,Nan Badaud
Haiti,Ouest,Croix-des-Bouquets,Belle Fontaine%131-07,Badaud
Haiti,Ouest,Croix-des-Bouquets,Belle Fontaine%131-07,Savane Genèse
Haiti,Ouest,Croix-des-Bouquets,Crochus%131-09,Nan Réserve
Haiti,Ouest,Croix-des-Bouquets,Crochus%131-09,Ca Damier
Haiti,Ouest,Croix-des-Bouquets,Crochus%131-09,Bouzi
Haiti,Ouest,Croix-des-Bouquets,Crochus%131-09,Pino
Haiti,Ouest,Croix-des-Bouquets,Petit Bois%131-04,Piétrox
Haiti,Ouest,Croix-des-Bouquets,Petit Bois%131-04,La Hatte
Haiti,Ouest,Croix-des-Bouquets,Petit Bois%131-04,Coupon
Haiti,Ouest,Croix-des-Bouquets,Petit Bois%131-04,Dube
Haiti,Ouest,Croix-des-Bouquets,Varreux%131-01,Phaton
Haiti,Ouest,Croix-des-Bouquets,Varreux%131-01,Sibert
Haiti,Ouest,Croix-des-Bouquets,Varreux%131-01,Moler
Haiti,Ouest,Croix-des-Bouquets,Varreux%131-01,Beudet
Haiti,Ouest,Croix-des-Bouquets,Varreux%131-01,Santo
Haiti,Ouest,Croix-des-Bouquets,Varreux%131-01,Tilot
Haiti,Ouest,Croix-des-Bouquets,Belle Fontaine%131-08,Belle Fontaine
Haiti,Ouest,Croix-des-Bouquets,Belle Fontaine%131-08,Diéron
Haiti,Ouest,Croix-des-Bouquets,Petit Bois%131-05,Boutin
Haiti,Ouest,Croix-des-Bouquets,Petit Bois%131-05,Dargout
Haiti,Ouest,Croix-des-Bouquets,Petit Bois%131-05,Dieuran
Haiti,Ouest,Croix-des-Bouquets,Petit Bois%131-05,Cuvier
Haiti,Ouest,Thomazeau,Crochus%132-04,Savane Cheval
Haiti,Ouest,Thomazeau,Crochus%132-04,Terre Blanche
Haiti,Ouest,Thomazeau,Grande Plaine%132-01,Laro
Haiti,Ouest,Thomazeau,Grande Plaine%132-01,Bois D'Orme
Haiti,Ouest,Thomazeau,Grande Plaine%132-01,Jondry
Haiti,Ouest,Thomazeau,Grande Plaine%132-01,Glore
Haiti,Ouest,Thomazeau,Grande Plaine%132-01,Dalman
Haiti,Ouest,Thomazeau,Grande Plaine%132-01,L'Etang
Haiti,Ouest,Thomazeau,Grande Plaine%132-01,Durand
Haiti,Ouest,Thomazeau,Grande Plaine%132-01,Matelas
Haiti,Ouest,Thomazeau,Grande Plaine%132-02,Cotin
Haiti,Ouest,Thomazeau,Grande Plaine%132-02,Brene
Haiti,Ouest,Thomazeau,Grande Plaine%132-02,Cottard
Haiti,Ouest,Thomazeau,Grande Plaine%132-02,Jouanau
Haiti,Ouest,Ganthier,Galette Chambon%133-01,Risque
Haiti,Ouest,Ganthier,Galette Chambon%133-01,Galette
Haiti,Ouest,Ganthier,Galette Chambon%133-01,Pacharles
Haiti,Ouest,Ganthier,Balan%133-02,Grande Place Leroy
Haiti,Ouest,Ganthier,Balan%133-02,Chapotin
Haiti,Ouest,Ganthier,Balan%133-02,Cassis
Haiti,Ouest,Ganthier,Fonds Parisien%133-03,Cadiac
Haiti,Ouest,Ganthier,Fonds Parisien%133-03,Cajou
Haiti,Ouest,Ganthier,Pays Pourri%133-04,Laleau
Haiti,Ouest,Ganthier,Pays Pourri%133-04,Diobel
Haiti,Ouest,Ganthier,Pays Pourri%133-04,Dougé
Haiti,Ouest,Ganthier,Pays Pourri%133-04,Lastic Le Roche
Haiti,Ouest,Ganthier,Mare Roseaux%133-05,Deiso
Haiti,Ouest,Ganthier,Mare Roseaux%133-05,Pain desucre
Haiti,Ouest,Ganthier,Mare Roseaux%133-05,nan Dauphine
Haiti,Ouest,Ganthier,Mare Roseaux%133-05,Bois Galette
Haiti,Ouest,Ganthier,Mare Roseaux%133-05,Mare Mouton
Haiti,Ouest,Cornillon,Boucan Bois Pin%134-03,Nan L'Etang
Haiti,Ouest,Cornillon,Boucan Bois Pin%134-03,Carion
Haiti,Ouest,Cornillon,Boucan Bois Pin%134-03,Lan Gale
Haiti,Ouest,Cornillon,Boucan Bois Pin%134-03,Sucrin
Haiti,Ouest,Cornillon,Plaine Céleste%134-01,Corail
Haiti,Ouest,Cornillon,Plaine Céleste%134-01,Mare Dejeune
Haiti,Ouest,Cornillon,Plaine Céleste%134-01,Grandoit
Haiti,Ouest,Cornillon,Plaine Céleste%134-01,Masson
Haiti,Ouest,Cornillon,Plaine Céleste%134-01,Barasa
Haiti,Ouest,Cornillon,Plaine Céleste%134-01,Modeste
Haiti,Ouest,Cornillon,Boucan Bois Pin%134-04,Rato
Haiti,Ouest,Cornillon,Boucan Bois Pin%134-04,Ducabon
Haiti,Ouest,Cornillon,Boucan Bois Pin%134-04,Palme
Haiti,Ouest,Cornillon,Plaine Céleste%134-02,Cornillon
Haiti,Ouest,Cornillon,Plaine Céleste%134-02,Pateau
Haiti,Ouest,Cornillon,Plaine Céleste%134-02,Louie
Haiti,Ouest,Cornillon,Plaine Céleste%134-02,Gouary
Haiti,Ouest,Cornillon,Plaine Céleste%134-02,Delva
Haiti,Ouest,Cornillon,Plaine Céleste%134-02,Gobert
Haiti,Ouest,Cornillon,Plaine Céleste%134-02,Mombin
Haiti,Ouest,Cornillon,Plaine Céleste%134-02,Blondos
Haiti,Ouest,Cornillon,Plaine Céleste%134-02,Dupin
Haiti,Ouest,Cornillon,Génipailler%134-05,Portino
Haiti,Ouest,Cornillon,Génipailler%134-05,Roseau
Haiti,Ouest,Cornillon,Génipailler%134-05,Monville
Haiti,Ouest,Fonds Verettes,Fonds-Verrettes%135-01,Haut Morne
Haiti,Ouest,Fonds Verettes,Fonds-Verrettes%135-01,Scierie
Haiti,Ouest,Fonds Verettes,Fonds-Verrettes%135-01,Majon
Haiti,Ouest,Fonds Verettes,Fonds-Verrettes%135-01,Simon
Haiti,Ouest,Fonds Verettes,Fonds-Verrettes%135-01,Cosimi
Haiti,Ouest,Fonds Verettes,Fonds-Verrettes%135-01,Geffrard
Haiti,Ouest,Fonds Verettes,Fonds-Verrettes%135-01,Gros Mât
Haiti,Ouest,Fonds Verettes,Fonds-Verrettes%135-01,Rac Rocheman
Haiti,Ouest,Fonds Verettes,Fonds-Verrettes%135-01,Jardin Bois
Haiti,Ouest,Fonds Verettes,Fonds-Verrettes%135-01,Ti Parc
Haiti,Ouest,Fonds Verettes,Fonds-Verrettes%135-01,Oriani
Haiti,Ouest,Fonds Verettes,Fonds-Verrettes%135-01,Goman
Haiti,Ouest,Arcahaie,des Vases%141-03,Luly
Haiti,Ouest,Arcahaie,des Vases%141-03,Mitan
Haiti,Ouest,Arcahaie,des Vases%141-03,Dasse
Haiti,Ouest,Arcahaie,des Vases%141-03,La Pointe
Haiti,Ouest,Arcahaie,des Vases%141-03,Pont Matheaux
Haiti,Ouest,Arcahaie,des Vases%141-03,Cotard
Haiti,Ouest,Arcahaie,des Vases%141-03,Conty
Haiti,Ouest,Arcahaie,des Vases%141-03,Saintard
Haiti,Ouest,Arcahaie,Délices%141-05,Carème
Haiti,Ouest,Arcahaie,Délices%141-05,Garoy
Haiti,Ouest,Arcahaie,Délices%141-05,Ti Fond
Haiti,Ouest,Arcahaie,Délices%141-05,La Batte
Haiti,Ouest,Arcahaie,Délices%141-05,Marchand
Haiti,Ouest,Arcahaie,Délices%141-05,Boucan
Haiti,Ouest,Arcahaie,Délices%141-05,Source Figuier
Haiti,Ouest,Arcahaie,Délices%141-05,Reines
Haiti,Ouest,Arcahaie,Délices%141-05,Donien
Haiti,Ouest,Arcahaie,Délices%141-05,Court Grande Rivière
Haiti,Ouest,Arcahaie,Délices%141-05,Passe Mathieu
Haiti,Ouest,Arcahaie,Délices%141-05,Cours Gde Rivière
Haiti,Ouest,Arcahaie,Délices%141-05,Nan Café
Haiti,Ouest,Arcahaie,Délices%141-05,Repos
Haiti,Ouest,Arcahaie,Délices%141-05,Vigni
Haiti,Ouest,Arcahaie,Délices%141-05,Bastia
Haiti,Ouest,Arcahaie,Délices%141-05,Obade
Haiti,Ouest,Arcahaie,des Matheux%141-06,Léger
Haiti,Ouest,Arcahaie,des Matheux%141-06,Louhou
Haiti,Ouest,Arcahaie,des Matheux%141-06,Docan
Haiti,Ouest,Arcahaie,des Matheux%141-06,Mantrou
Haiti,Ouest,Arcahaie,des Matheux%141-06,Amerry
Haiti,Ouest,Arcahaie,des Matheux%141-06,Grand Place
Haiti,Ouest,Arcahaie,des Matheux%141-06,La Cour Dupin
Haiti,Ouest,Arcahaie,des Matheux%141-06,Ca Guigoue
Haiti,Ouest,Arcahaie,des Matheux%141-06,Jilling
Haiti,Ouest,Arcahaie,des Matheux%141-06,Bagro
Haiti,Ouest,Arcahaie,des Matheux%141-06,La Digue
Haiti,Ouest,Arcahaie,des Matheux%141-06,Ti Grambi
Haiti,Ouest,Arcahaie,Fonds Baptiste%141-02,Williamson
Haiti,Ouest,Arcahaie,Fonds Baptiste%141-02,Bénitier
Haiti,Ouest,Arcahaie,Fonds Baptiste%141-02,Ca Pierre
Haiti,Ouest,Arcahaie,Fonds Baptiste%141-02,Gros Morne
Haiti,Ouest,Arcahaie,Fonds Baptiste%141-02,Loursil
Haiti,Ouest,Arcahaie,Fonds Baptiste%141-02,Couyo
Haiti,Ouest,Arcahaie,Fonds Baptiste%141-02,Nicolas
Haiti,Ouest,Arcahaie,Fonds Baptiste%141-02,La Grenade
Haiti,Ouest,Arcahaie,Fonds Baptiste%141-02,Mirebalais
Haiti,Ouest,Arcahaie,Montrouis%141-04,Fond Lachaux
Haiti,Ouest,Arcahaie,Montrouis%141-04,Ti Coulet
Haiti,Ouest,Arcahaie,Montrouis%141-04,Gobin
Haiti,Ouest,Cabaret,Boucassin%142-01,Royal
Haiti,Ouest,Cabaret,Boucassin%142-01,Hatte Torcelle
Haiti,Ouest,Cabaret,Boucassin%142-01,Dos Dameau
Haiti,Ouest,Cabaret,Boucassin%142-01,Cocombre
Haiti,Ouest,Cabaret,Boucassin%142-01,Guiton
Haiti,Ouest,Arcahaie,Boucassin%141-01,Vignier
Haiti,Ouest,Cabaret,Boucassin%142-02,Léveque
Haiti,Ouest,Arcahaie,Boucassin%141-01,Robert
Haiti,Ouest,Cabaret,Boucassin%142-02,Thomas
Haiti,Ouest,Arcahaie,Boucassin%141-01,Imbert
Haiti,Ouest,Cabaret,Boucassin%142-02,Manège
Haiti,Ouest,Cabaret,Fonds des Blancs%142-04,Germain
Haiti,Ouest,Cabaret,Fonds des Blancs%142-04,Casale
Haiti,Ouest,Cabaret,Fonds des Blancs%142-04,Fond Blanc
Haiti,Ouest,Cabaret,Fonds des Blancs%142-04,Oranger
Haiti,Ouest,Cabaret,Fonds des Blancs%142-04,Ca Mori
Haiti,Ouest,Cabaret,Fonds des Blancs%142-04,Régnier
Haiti,Ouest,Cabaret,Fonds des Blancs%142-04,Lamy
Haiti,Ouest,Cabaret,Fonds des Blancs%142-04,Savanne Marotte
Haiti,Ouest,Cabaret,Fonds des Blancs%142-04,Torcelle
Haiti,Ouest,Cabaret,Fonds des Blancs%142-04,Bélac
Haiti,Ouest,Cabaret,Fonds des Blancs%142-04,Tigouin
Haiti,Ouest,Cabaret,Fonds des Blancs%142-04,Casouka
Haiti,Ouest,Cabaret,Fonds des Blancs%142-04,Limet
Haiti,Ouest,Cabaret,Fonds des Blancs%142-04,Sophie
Haiti,Ouest,Cabaret,Source Matelas%142-03,Aubry
Haiti,Ouest,Cabaret,Source Matelas%142-03,Source Matelas
Haiti,Ouest,Cabaret,Source Matelas%142-03,Fond Mombin
Haiti,Ouest,Cabaret,Source Matelas%142-03,La Fiteau
Haiti,Ouest,Anse à Galets,Pickmy%151-05,L'autre Bord D'l'eau
Haiti,Ouest,Anse à Galets,Pickmy%151-05,Nan Bayahonde
Haiti,Ouest,Anse à Galets,Pickmy%151-05,Platon Balais
Haiti,Ouest,Anse à Galets,Pickmy%151-05,Trou Jacques
Haiti,Ouest,Anse à Galets,Pickmy%151-05,Picmi
Haiti,Ouest,Anse à Galets,Petite Anse%151-06,Anse Edouard
Haiti,Ouest,Anse à Galets,Petite Anse%151-06,Pointe Fantasque
Haiti,Ouest,Anse à Galets,Petite Anse%151-06,Boucan Légume
Haiti,Ouest,Anse à Galets,Petite Anse%151-06,Fond Plaisir
Haiti,Ouest,Anse à Galets,Petite Anse%151-06,Petite Anse
Haiti,Ouest,Anse à Galets,Petite Anse%151-06,Au Parc
Haiti,Ouest,Anse à Galets,Petite Anse%151-06,Libéral
Haiti,Ouest,Anse à Galets,Palma%151-01,Anse à Galets
Haiti,Ouest,Anse à Galets,Palma%151-01,Nan Doval
Haiti,Ouest,Anse à Galets,Palma%151-01,Nan Canne
Haiti,Ouest,Anse à Galets,Palma%151-01,Trésor
Haiti,Ouest,Anse à Galets,Palma%151-01,Trou à l'Eau
Haiti,Ouest,Anse à Galets,Palma%151-01,Nouvelle Cité
Haiti,Ouest,Anse à Galets,Palma%151-01,Nan François
Haiti,Ouest,Anse à Galets,Palma%151-01,Boucan Patate
Haiti,Ouest,Anse à Galets,Palma%151-01,Palma
Haiti,Ouest,Anse à Galets,Petite Source%151-02,Petite
Haiti,Ouest,Anse à Galets,Petite Source%151-02,Bois D'Orme
Haiti,Ouest,Anse à Galets,Petite Source%151-02,Fond Tina
Haiti,Ouest,Anse à Galets,Petite Source%151-02,Lacour Joseph
Haiti,Ouest,Anse à Galets,Petite Source%151-02,Bois Pin
Haiti,Ouest,Anse à Galets,Petite Source%151-02,Devallon
Haiti,Ouest,Anse à Galets,Petite Source%151-02,Source
Haiti,Ouest,Anse à Galets,Petite Source%151-02,Mantenoir
Haiti,Ouest,Anse à Galets,Grande Source%151-03,Grande Source
Haiti,Ouest,Anse à Galets,Grande Source%151-03,Nan Plume
Haiti,Ouest,Anse à Galets,Grande Source%151-03,Nan Risque
Haiti,Ouest,Anse à Galets,Grande Source%151-03,Nan Café
Haiti,Ouest,Anse à Galets,Grand Lagon%151-04,Plaisance
Haiti,Ouest,Anse à Galets,Grand Lagon%151-04,Ti fort Nègre
Haiti,Ouest,Anse à Galets,Grand Lagon%151-04,Bois Brulé
Haiti,Ouest,Anse à Galets,Grand Lagon%151-04,L'Eternel
Haiti,Ouest,Anse à Galets,Grand Lagon%151-04,Ca Léon
Haiti,Ouest,Anse à Galets,Grand Lagon%151-04,Ti coma
Haiti,Ouest,Pointe à Raquette,Gros Mangle%152-05,Sous Glacis
Haiti,Ouest,Pointe à Raquette,La Source%152-01,Plaine La Source
Haiti,Ouest,Pointe à Raquette,La Source%152-01,La Source
Haiti,Ouest,Pointe à Raquette,La Source%152-01,Nantida
Haiti,Ouest,Pointe à Raquette,Grand Vide%152-02,Grand Boucan
Haiti,Ouest,Pointe à Raquette,Grand Vide%152-02,Ti Fond
Haiti,Ouest,Pointe à Raquette,Grand Vide%152-02,Tomarin
Haiti,Ouest,Pointe à Raquette,Grand Vide%152-02,Herbe à Bleu
Haiti,Ouest,Pointe à Raquette,Grand Vide%152-02,Bodin
Haiti,Ouest,Pointe à Raquette,Trou Louis%152-03,Nan Terrestiste
Haiti,Ouest,Pointe à Raquette,Trou Louis%152-03,Platon trou Louis
Haiti,Ouest,Pointe à Raquette,Trou Louis%152-03,Deheaune
Haiti,Ouest,Pointe à Raquette,Trou Louis%152-03,Boue
Haiti,Ouest,Pointe à Raquette,Trou Louis%152-03,Source Philippe
Haiti,Ouest,Pointe à Raquette,Pointe à Raquette%152-04,Lotorre
Haiti,Ouest,Pointe à Raquette,Pointe à Raquette%152-04,Mme Legros
Haiti,Ouest,Pointe à Raquette,Pointe à Raquette%152-04,Pointe à Raquetes
Haiti,Ouest,Pointe à Raquette,Pointe à Raquette%152-04,Sans Souci
Haiti,Ouest,Pointe à Raquette,Pointe à Raquette%152-04,Terre Sec
Haiti,Ouest,Pointe à Raquette,Pointe à Raquette%152-04,Mahotière
Haiti,Ouest,Pointe à Raquette,Pointe à Raquette%152-04,Fleurant
Haiti,Ouest,Pointe à Raquette,Pointe à Raquette%152-04,Barrière Battant
Haiti,Ouest,Pointe à Raquette,Pointe à Raquette%152-04,Mouri Corps
Haiti,Sud-Est,La Vallée de Jacmel,Morne à Bruler%214-03,Caba
Haiti,Sud-Est,La Vallée de Jacmel,Morne à Bruler%214-03,Potier
Haiti,Sud-Est,Jacmel,La vanneau%211-10,Sad
Haiti,Sud-Est,Jacmel,La vanneau%211-10,Petite Rivière
Haiti,Sud-Est,Jacmel,La vanneau%211-10,Grand Fond
Haiti,Sud-Est,Jacmel,La vanneau%211-10,Nan Bambou
Haiti,Sud-Est,Jacmel,La vanneau%211-10,Musac
Haiti,Sud-Est,Jacmel,La vanneau%211-10,Bodin
Haiti,Sud-Est,Jacmel,La vanneau%211-10,Pegui
Haiti,Sud-Est,Jacmel,La vanneau%211-10,Zobodo
Haiti,Sud-Est,Jacmel,La vanneau%211-10,Lavano
Haiti,Sud-Est,Jacmel,La vanneau%211-10,Savanette
Haiti,Sud-Est,Jacmel,La vanneau%211-10,Lavanneau
Haiti,Sud-Est,Jacmel,La Montagne%211-11,Grand Bangnin
Haiti,Sud-Est,Jacmel,La Montagne%211-11,La Colline
Haiti,Sud-Est,Jacmel,La Montagne%211-11,La Valette
Haiti,Sud-Est,Jacmel,La Montagne%211-11,Voûte
Haiti,Sud-Est,Jacmel,La Montagne%211-11,La Croix
Haiti,Sud-Est,Jacmel,La Montagne%211-11,Baguette
Haiti,Sud-Est,Jacmel,La Montagne%211-11,Ca Titi
Haiti,Sud-Est,Jacmel,Bas Cap Rouge%211-01,Michel
Haiti,Sud-Est,Jacmel,Bas Cap Rouge%211-01,Civadier
Haiti,Sud-Est,Jacmel,Bas Cap Rouge%211-01,Grandin
Haiti,Sud-Est,Jacmel,Bas Cap Rouge%211-01,Doceau
Haiti,Sud-Est,Jacmel,Bas Cap Rouge%211-01,Mahotière
Haiti,Sud-Est,Jacmel,Bas Cap Rouge%211-01,Clémence
Haiti,Sud-Est,Jacmel,Bas Cap Rouge%211-01,Wilfrid
Haiti,Sud-Est,Jacmel,Bas Cap Rouge%211-01,Delmas
Haiti,Sud-Est,Jacmel,Bas Cap Rouge%211-01,Brémant
Haiti,Sud-Est,Jacmel,Bas Cap Rouge%211-01,Lan mandou
Haiti,Sud-Est,Jacmel,Bas Cap Rouge%211-01,Bois Larue
Haiti,Sud-Est,Jacmel,Bas Cap Rouge%211-01,Bois Bayard
Haiti,Sud-Est,Jacmel,Bas Cap Rouge%211-01,Cas Laurent
Haiti,Sud-Est,Jacmel,Bas Cap Rouge%211-01,Mansê Marie
Haiti,Sud-Est,Jacmel,Bas Cap Rouge%211-01,Grigris
Haiti,Sud-Est,Jacmel,Bas Cap Rouge%211-01,Lauture
Haiti,Sud-Est,Jacmel,Bas Cap Rouge%211-01,Meyer
Haiti,Sud-Est,Jacmel,Bas Cap Rouge%211-01,Siloe
Haiti,Sud-Est,Jacmel,Bas Cap Rouge%211-01,Méditout
Haiti,Sud-Est,Jacmel,Bas Cap Rouge%211-01,Dougé
Haiti,Sud-Est,Jacmel,Bas Cap Rouge%211-01,Fond Février
Haiti,Sud-Est,Jacmel,Bas Cap Rouge%211-01,Chérubia
Haiti,Sud-Est,Jacmel,Bas Cap Rouge%211-01,Catadat
Haiti,Sud-Est,Jacmel,Fond Melon%211-02,Morne Pois Congo
Haiti,Sud-Est,Jacmel,Fond Melon%211-02,Lucas
Haiti,Sud-Est,Jacmel,Fond Melon%211-02,Linette
Haiti,Sud-Est,Jacmel,Fond Melon%211-02,Casimir
Haiti,Sud-Est,Jacmel,Fond Melon%211-02,Ferry
Haiti,Sud-Est,Jacmel,Fond Melon%211-02,Saut Blanche
Haiti,Sud-Est,Jacmel,Fond Melon%211-02,Bréman
Haiti,Sud-Est,Jacmel,Cochon Gras%211-03,Macombe
Haiti,Sud-Est,Jacmel,Cochon Gras%211-03,Cochon Gras
Haiti,Sud-Est,Jacmel,Cochon Gras%211-03,Royal
Haiti,Sud-Est,Jacmel,La Gosseline%211-04,Ca Bièque
Haiti,Sud-Est,Jacmel,La Gosseline%211-04,Pomme D'Amour
Haiti,Sud-Est,Jacmel,Montagne La Voute%211-06,Mamouset
Haiti,Sud-Est,Jacmel,Montagne La Voute%211-06,Neron
Haiti,Sud-Est,Jacmel,Montagne La Voute%211-06,Boucan Ibo
Haiti,Sud-Est,Jacmel,Montagne La Voute%211-06,Cahot
Haiti,Sud-Est,Jacmel,Montagne La Voute%211-06,Locadi
Haiti,Sud-Est,Jacmel,Montagne La Voute%211-06,Areguy
Haiti,Sud-Est,Jacmel,Montagne La Voute%211-06,Voltaire
Haiti,Sud-Est,Jacmel,Montagne La Voute%211-06,Tourpine
Haiti,Sud-Est,Jacmel,Montagne La Voute%211-06,D'Haïti
Haiti,Sud-Est,Jacmel,Montagne La Voute%211-06,Opéron
Haiti,Sud-Est,Jacmel,Montagne La Voute%211-06,Belair
Haiti,Sud-Est,Jacmel,Grande Rivière de Jacmel%211-07,Beau Séjour
Haiti,Sud-Est,Jacmel,Grande Rivière de Jacmel%211-07,Boucan Tache
Haiti,Sud-Est,Jacmel,Grande Rivière de Jacmel%211-07,Dibiton
Haiti,Sud-Est,Jacmel,Bas Coq Chante%211-08,Paco
Haiti,Sud-Est,Jacmel,Bas Coq Chante%211-08,Grand Savane
Haiti,Sud-Est,Jacmel,Bas Coq Chante%211-08,Trois Palmistes
Haiti,Sud-Est,Jacmel,Bas Coq Chante%211-08,Castel
Haiti,Sud-Est,Jacmel,Bas Coq Chante%211-08,Cima
Haiti,Sud-Est,Jacmel,Haut Coq Chante%211-09,Gilbert
Haiti,Sud-Est,Jacmel,Haut Coq Chante%211-09,Réserve
Haiti,Sud-Est,Jacmel,Haut Coq Chante%211-09,Tapion
Haiti,Sud-Est,Jacmel,Haut Coq Chante%211-09,Nan Piti
Haiti,Sud-Est,Marigot,Corail Soult%212-01,Corail
Haiti,Sud-Est,Marigot,Corail Soult%212-01,Model
Haiti,Sud-Est,Marigot,Corail Soult%212-01,Masure
Haiti,Sud-Est,Marigot,Corail Soult%212-01,Bodary
Haiti,Sud-Est,Marigot,Corail Soult%212-01,Pétavie
Haiti,Sud-Est,Marigot,Corail Soult%212-01,Dingou
Haiti,Sud-Est,Marigot,Corail Soult%212-01,Anne
Haiti,Sud-Est,Marigot,Corail Soult%212-01,Bas Thomas
Haiti,Sud-Est,Marigot,Corail Soult%212-01,La Roca
Haiti,Sud-Est,Marigot,Grande Rivière Fesle%212-02,Rica
Haiti,Sud-Est,Marigot,Grande Rivière Fesle%212-02,Terry
Haiti,Sud-Est,Marigot,Grande Rivière Fesle%212-02,Plabe
Haiti,Sud-Est,Marigot,Grande Rivière Fesle%212-02,Belvo
Haiti,Sud-Est,Marigot,Macary%212-03,Rémy
Haiti,Sud-Est,Marigot,Macary%212-03,Cassé Dent
Haiti,Sud-Est,Marigot,Macary%212-03,Zumy
Haiti,Sud-Est,Marigot,Macary%212-03,Roche Plate
Haiti,Sud-Est,Marigot,Macary%212-03,Duline
Haiti,Sud-Est,Marigot,Macary%212-03,Macary
Haiti,Sud-Est,Marigot,Fond Jean Noel%212-04,Lindor
Haiti,Sud-Est,Marigot,Fond Jean Noel%212-04,Guédo
Haiti,Sud-Est,Marigot,Fond Jean Noel%212-04,Citron
Haiti,Sud-Est,Marigot,Fond Jean Noel%212-04,Marché
Haiti,Sud-Est,Marigot,Fond Jean Noel%212-04,Berry
Haiti,Sud-Est,Marigot,Fond Jean Noel%212-04,Limoun
Haiti,Sud-Est,Marigot,Fond Jean Noel%212-04,Nan Zap
Haiti,Sud-Est,Marigot,Fond Jean Noel%212-04,Respect
Haiti,Sud-Est,Marigot,Fond Jean Noel%212-04,Boulaille
Haiti,Sud-Est,Marigot,Fond Jean Noel%212-04,Vieux Cayes
Haiti,Sud-Est,Marigot,Savane Dubois%212-05,Pérédo
Haiti,Sud-Est,Marigot,Savane Dubois%212-05,Bordes
Haiti,Sud-Est,Marigot,Savane Dubois%212-05,Soufflé
Haiti,Sud-Est,Marigot,Savane Dubois%212-05,Diamond
Haiti,Sud-Est,Marigot,Savane Dubois%212-05,Savanne Dubois
Haiti,Sud-Est,Marigot,Savane Dubois%212-05,Belle Roche
Haiti,Sud-Est,Marigot,Savane Dubois%212-05,Guillaumond
Haiti,Sud-Est,Marigot,Savane Dubois%212-05,Toumar
Haiti,Sud-Est,Marigot,Savane Dubois%212-05,Nan Pourri
Haiti,Sud-Est,Marigot,Savane Dubois%212-05,Dépot
Haiti,Sud-Est,Marigot,Savane Dubois%212-05,Zeb Fine
Haiti,Sud-Est,Marigot,Savane Dubois%212-05,Dingou
Haiti,Sud-Est,Marigot,Savane Dubois%212-05,Pistache
Haiti,Sud-Est,Cayes Jacmel,Ravine Normande%213-01,Corail
Haiti,Sud-Est,Cayes Jacmel,Ravine Normande%213-01,Martel
Haiti,Sud-Est,Cayes Jacmel,Ravine Normande%213-01,Bossier
Haiti,Sud-Est,Cayes Jacmel,Ravine Normande%213-01,Tavette
Haiti,Sud-Est,Cayes Jacmel,Gaillard%213-02,Nan Man Fou
Haiti,Sud-Est,Cayes Jacmel,Gaillard%213-02,Delmas
Haiti,Sud-Est,Cayes Jacmel,Gaillard%213-02,Cabic
Haiti,Sud-Est,Cayes Jacmel,Gaillard%213-02,Delumay
Haiti,Sud-Est,Cayes Jacmel,Haut Cap Rouge%213-03,La Source
Haiti,Sud-Est,Cayes Jacmel,Haut Cap Rouge%213-03,Jeanty
Haiti,Sud-Est,Cayes Jacmel,Haut Cap Rouge%213-03,Bellevue
Haiti,Sud-Est,Cayes Jacmel,Haut Cap Rouge%213-03,Verjon
Haiti,Sud-Est,La Vallée de Jacmel,Ternier%214-02,Moreau
Haiti,Sud-Est,La Vallée de Jacmel,Musac%214-01,Ca Lamothe
Haiti,Sud-Est,La Vallée de Jacmel,Musac%214-01,Bouchereau
Haiti,Sud-Est,La Vallée de Jacmel,Musac%214-01,Au Tuf
Haiti,Sud-Est,Bainet,La Vallée%221-03,Douzil
Haiti,Sud-Est,Bainet,La Vallée%221-03,Berjin
Haiti,Sud-Est,La Vallée de Jacmel,Musac%214-01,Labadi
Haiti,Sud-Est,La Vallée de Jacmel,Ternier%214-02,Roger
Haiti,Sud-Est,Bainet,La Vallée%221-03,Otage
Haiti,Sud-Est,La Vallée de Jacmel,Ternier%214-02,Martel
Haiti,Sud-Est,La Vallée de Jacmel,Musac%214-01,Tiquita
Haiti,Sud-Est,Bainet,La Vallée%221-03,Martino
Haiti,Sud-Est,La Vallée de Jacmel,Musac%214-01,Nan Boyer
